ID,URL,migrado,data_migracao
1,https://www.instagram.com/reel/DPHYVUwD7D0/?igsh=ancyZGlwbXZsNWx1,SIM,2025-12-26 21:48:37
2,https://www.instagram.com/reel/DCXInoBSICF/,SIM,2025-12-26 21:48:37
3,https://www.instagram.com/reel/DBv5oCVxtog/,SIM,2025-12-26 21:48:37
4,https://www.instagram.com/reel/DCotA2wNOd1/,SIM,2025-12-26 21:48:37
5,https://www.instagram.com/reel/DCT3tH_ASuC/,SIM,2025-12-26 21:48:37
6,https://www.instagram.com/share/reel/BBnUaaluMK,SIM,2026-01-19 11:28:41
7,https://www.instagram.com/share/reel/BAA5QBEBO5,SIM,2026-01-19 11:28:41
8,https://www.instagram.com/share/reel/BA3kxDOkzh,SIM,2026-01-01 21:29:27
9,https://www.instagram.com/share/reel/BAM5olgdom,SIM,2026-01-19 15:17:55
10,https://www.instagram.com/share/reel/BACXj2O0jD,SIM,
11,https://www.instagram.com/reel/DDhW5iLRaTP/,SIM,
12,https://www.instagram.com/reel/DDh7L7Ah2jg/,SIM,2026-01-01 21:29:27
13,https://www.instagram.com/reel/DDzlHZgSby8/,SIM,2026-01-01 21:29:27
14,https://www.instagram.com/reel/DD0RDlaplQs/,SIM,2026-01-01 21:29:27
15,https://www.instagram.com/reel/DDy3JOoRlrc/,SIM,2026-01-01 21:29:27
16,https://www.instagram.com/reel/DCwlw7uv6os/,SIM,2026-01-01 21:35:45
17,https://www.instagram.com/benignouw,SIM,2026-01-02 00:09:45
18,https://www.instagram.com/reel/DECQ0TLR-Mm/,SIM,2026-01-01 21:35:45
19,https://www.instagram.com/reel/DEDjiaZyrzG/,SIM,2026-01-01 21:35:45
20,https://www.instagram.com/getcaptionsapp,SIM,2026-01-02 00:10:02
21,https://www.instagram.com/reel/DDR8ocSxvev/,SIM,2026-01-01 21:35:45
22,https://www.instagram.com/reel/DEXVUBJOcLu/,SIM,2026-01-01 21:35:45
23,https://www.instagram.com/p/DE8Sv8NBkNs/?img_index=1,SIM,2026-01-02 00:10:22
24,https://www.instagram.com/reel/DANgsSluoAS/,SIM,2026-01-01 22:00:23
25,https://www.instagram.com/reel/DEEyxKYpirP/,SIM,2026-01-01 22:00:23
26,https://www.instagram.com/reel/DE7u0ipvzxW/,SIM,2026-01-01 22:00:23
27,https://www.instagram.com/reel/DCosRS1xYXX/,SIM,2026-01-01 22:00:23
28,https://www.instagram.com/reel/DFLEKZUxNTN/,SIM,2026-01-01 22:00:23
29,https://www.instagram.com/reel/DC9Bg0rO3MM/,SIM,2026-01-01 22:00:23
30,https://www.instagram.com/reel/DEStD5Ix9ag/,SIM,2026-01-01 22:00:23
31,https://www.instagram.com/reel/DDzrTjIvABc/,SIM,2026-01-01 22:00:23
32,https://www.instagram.com/reel/DFpIJMsMaVh/,SIM,2026-01-01 22:00:23
33,https://www.instagram.com/reel/DFvzce7vFM-/,SIM,2026-01-01 22:00:23
34,https://www.instagram.com/reel/DFv1HPITz6l/,SIM,2026-01-01 22:00:23
35,https://www.instagram.com/reel/DE93SNmoInU/,SIM,2026-01-01 22:00:23
36,https://www.instagram.com/p/DFVAmCMu_35/,SIM,2026-01-02 00:10:46
37,https://www.instagram.com/reel/DFhm52BC5Qx/,SIM,2026-01-01 22:00:23
38,https://www.instagram.com/reel/DF5t31XMSKe/,SIM,2026-01-01 22:00:23
39,https://www.instagram.com/reel/DFzyoVmxGb-/,SIM,2026-01-01 22:00:23
40,https://www.instagram.com/reel/DFt3mn3pdWn/,SIM,2026-01-02 00:11:04
41,https://www.instagram.com/reel/DF7X0opCAqp/,SIM,2026-01-02 00:11:34
42,https://www.instagram.com/p/DFKufUisMvS/,SIM,2026-01-02 00:12:05
43,https://www.instagram.com/reel/DF6Y-SuM3em/,SIM,2026-01-02 00:12:35
44,https://www.instagram.com/reel/DFSoQqcs-jl/,SIM,2026-01-02 00:13:06
45,https://www.instagram.com/reel/DCJwGAlJadm/,SIM,2026-01-02 00:13:36
46,https://www.instagram.com/reel/DAv1DWBJmTx/,SIM,2026-01-02 00:14:06
47,https://www.instagram.com/reel/DB_pciDRl5B/,SIM,2026-01-02 00:14:37
48,https://www.instagram.com/reel/DB8w1nrI8Ny/,SIM,2026-01-02 00:15:07
49,https://www.instagram.com/reel/DAlQPEJItAx/,SIM,2026-01-02 00:15:37
50,https://www.instagram.com/reel/DAiUOWoIuTq/,SIM,2026-01-02 00:16:08
51,https://www.instagram.com/p/DFQ-9-Wv44s/?img_index=6,SIM,2026-01-02 00:32:22
52,https://www.instagram.com/reel/DFiGXzuC8NC/,SIM,2026-01-02 00:32:36
53,https://www.instagram.com/reel/DF7iCRlzmx2/,SIM,2026-01-02 00:32:50
54,https://www.instagram.com/reel/DEXIKdDJ8xK/,SIM,2026-01-02 00:33:04
55,https://www.instagram.com/reel/DCvbp6oJ92q/,SIM,2026-01-02 00:33:34
56,https://www.instagram.com/reel/DGD52SUOknY/,SIM,2026-01-02 00:34:05
57,https://www.instagram.com/p/DGEmhzsRwg5/,SIM,2026-01-02 00:34:36
58,https://www.instagram.com/reel/DGL692AJ81i/,SIM,2026-01-02 00:35:02
59,https://www.instagram.com/reel/DDJB2lRtVXY/,SIM,2026-01-02 00:35:31
60,https://www.instagram.com/reel/DGABzx1MzVN/,SIM,2026-01-02 00:35:46
61,https://www.instagram.com/reel/DFsJ3TmgbZ4/,SIM,2026-01-02 00:36:16
62,https://www.instagram.com/reel/DFqlWCwStFV/,SIM,2026-01-02 00:36:47
63,https://www.instagram.com/reel/DCCZyGwIRzJ/,SIM,2026-01-02 00:37:17
64,https://www.instagram.com/reel/DGIgvYttXlw/,SIM,2026-01-02 00:37:47
65,https://www.instagram.com/reel/DBgs3xZOnUn/,SIM,2026-01-02 00:38:18
66,https://www.instagram.com/reel/DF-bNwtuOaw/,SIM,2026-01-02 00:38:48
67,https://www.instagram.com/reel/DEunbRVIGwj/,SIM,2026-01-02 00:39:18
68,https://www.instagram.com/reel/DCWNSxvv1wL/,SIM,2026-01-02 00:39:49
69,https://www.instagram.com/reel/DBMjg9GJKhc/,SIM,2026-01-02 00:40:19
70,https://www.instagram.com/reel/DAPqa5YIK6K/,SIM,2026-01-02 00:40:49
71,https://www.instagram.com/reel/DCXcQMoNoOR/,SIM,2026-01-02 00:41:20
72,https://www.instagram.com/reel/DBPSse9Pp_C/,SIM,2026-01-02 00:41:50
73,https://www.instagram.com/reel/DESZTHjOQB9/,SIM,2026-01-02 00:42:20
74,https://www.instagram.com/reel/DGU6HppNK7N/,SIM,2026-01-02 00:42:51
75,https://www.instagram.com/reel/DGWxv2hgl_M/,SIM,2026-01-02 00:43:21
76,https://www.instagram.com/reel/DFxa4siJJyp/,SIM,2026-01-19 15:48:57
77,https://www.instagram.com/reel/DGQmkIYJXFO/,SIM,2026-01-19 15:48:57
78,https://www.instagram.com/reel/DBwTCP2tJMZ/,SIM,2026-01-19 15:48:57
79,https://www.instagram.com/reel/DF-NkSyJzcC/,SIM,2026-01-19 15:59:59
80,https://www.instagram.com/reel/DGXDGYbR3Od/,SIM,2026-01-19 15:59:59
81,https://www.instagram.com/reel/DFnmACroecd/,SIM,2026-01-19 15:59:59
82,https://www.instagram.com/reel/DEVdFr9NoF9/,SIM,2026-01-19 15:59:59
83,https://www.instagram.com/reel/DGOCM6eOTf1/,SIM,2026-01-19 15:59:59
84,https://www.instagram.com/reel/DGhCSobtPcI/,NÃO,
85,https://www.instagram.com/reel/DFfdL92o8kj/,NÃO,
86,https://www.instagram.com/reel/DBZCSN-vkvI/,NÃO,
87,https://www.instagram.com/reel/DGYBdjRu6Ki/,NÃO,
88,https://www.instagram.com/p/DE8Sv8NBkNs/?img_index=5,SIM,2026-01-02 03:10:02
89,https://www.instagram.com/reel/DDIAME6MhzY/,NÃO,
90,https://www.instagram.com/reel/DCyxBb-KSVR/,NÃO,
91,https://www.instagram.com/reel/DCOz0YTizRP/,NÃO,
92,https://www.instagram.com/p/DCj1nQhPArO/,NÃO,
93,https://www.instagram.com/p/DCb9wOFRiiH/?img_index=1,NÃO,
94,https://www.instagram.com/reel/DBbkA-Yin0N/,NÃO,
95,https://www.instagram.com/reel/DAlIO7-o5rA/,NÃO,
96,https://www.instagram.com/reel/DA194-HNHFr/,NÃO,
97,https://www.instagram.com/reel/DBAT82GSpWq/,NÃO,
98,https://www.instagram.com/reel/DBgtmokuGlI/,NÃO,
99,https://www.instagram.com/reel/DBbkC2ipb0j/,NÃO,
100,https://www.instagram.com/reel/DBgtjC0KtYi/,NÃO,
101,https://www.instagram.com/reel/C_OzB7PSebp/,NÃO,
102,https://www.instagram.com/reel/DA2cTION5xk/,NÃO,
103,https://www.instagram.com/reel/DBT0cvgRDkH/,NÃO,
104,https://www.instagram.com/reel/DBKGJpAttvC/,NÃO,
105,https://www.instagram.com/reel/DAQ63g0MAny/,NÃO,
106,https://www.instagram.com/reel/DBSE3ygycJf/,NÃO,
107,https://www.instagram.com/reel/DBSI2HUPQ61/,NÃO,
108,https://www.instagram.com/reel/DBOlP0YxMML/,NÃO,
109,https://www.instagram.com/reel/DAWKP7rvYW1/,NÃO,
110,https://www.instagram.com/reel/DA6spZOS7OX/,NÃO,
111,https://www.instagram.com/reel/DBQ4woWSlr2/,NÃO,
112,https://www.instagram.com/reel/DBRmA4jO55g/,NÃO,
113,https://www.instagram.com/p/DAH5iv4gm1j/,NÃO,
114,https://www.instagram.com/reel/DA1uKkevWRZ/,NÃO,
115,https://www.instagram.com/reel/DBTy33IN7FM/,NÃO,
116,https://www.instagram.com/reel/DATk6TxPr4C/,NÃO,
117,https://www.instagram.com/reel/DBR1Bt9x13m/,NÃO,
118,https://www.instagram.com/reel/DA8-VBnA0bc/,NÃO,
119,https://www.instagram.com/reel/DAb8U26S3ft/,NÃO,
120,https://www.instagram.com/reel/DBJhpCSP7rh/,NÃO,
121,https://www.instagram.com/reel/DAgqZqBS76p/,NÃO,
122,https://www.instagram.com/reel/DAqmePrxD4T/,NÃO,
123,https://www.instagram.com/p/DA6uZCRRGwI/,NÃO,
124,https://www.instagram.com/reel/DA4KKYzRLWU/,NÃO,
125,https://www.instagram.com/reel/DPJdNIpiBtz/?igsh=MWl5ZXpiM2MwYThtNg==,NÃO,
126,https://www.instagram.com/reel/DBDvJpnyNDZ/,NÃO,
127,https://www.instagram.com/reel/DAHYA5eyTQ5/,NÃO,
128,https://www.instagram.com/reel/C_JWisxJjf1/,NÃO,
129,https://www.instagram.com/reel/C9h8PAstvHC/,NÃO,
130,https://www.instagram.com/reel/C97jWfwsTfL/,NÃO,
131,https://www.instagram.com/reel/DAdmjE5p-0j/,NÃO,
132,https://www.instagram.com/reel/DAWJNFNtjkx/,NÃO,
133,https://www.instagram.com/reel/C9wtwVQRzxR/,NÃO,
134,https://www.instagram.com/reel/C9Kn56NMnGL/,NÃO,
135,https://www.instagram.com/reel/DAYoAo3O_bx/,NÃO,
136,https://www.instagram.com/reel/C-shmkpxyPw/,NÃO,
137,https://www.instagram.com/reel/DAisAGIR1zl/,NÃO,
138,https://www.instagram.com/reel/C_9Eg4PvnP8/,NÃO,
139,https://www.instagram.com/reel/C_a8BRNxQSg/,NÃO,
140,https://www.instagram.com/reel/C9wTxt1yN1J/,NÃO,
141,https://www.instagram.com/reel/DAg4Gh3yoI9/,NÃO,
142,https://www.instagram.com/reel/C-H8bU-uGZa/,NÃO,
143,https://www.instagram.com/reel/C_dg7-RNWm7/,NÃO,
144,https://www.instagram.com/reel/DAjpqjYvXzc/,NÃO,
145,https://www.instagram.com/reel/DAO3ycRPoyL/,NÃO,
146,https://www.instagram.com/reel/C_gW4GvOIwH/,NÃO,
147,https://www.instagram.com/reel/C-2mnxqStqX/,NÃO,
148,https://www.instagram.com/reel/DAdidMOA1Oy/,NÃO,
149,https://www.instagram.com/reel/C9xqqDWRP77/,NÃO,
150,https://www.instagram.com/reel/DAYJq4ISWO1/,NÃO,
151,https://www.instagram.com/reel/DAX_r6pMSLy/,NÃO,
152,https://www.instagram.com/reel/C-xkddxs4_G/,NÃO,
153,https://www.instagram.com/reel/C_qdobDOoHU/,NÃO,
154,https://www.instagram.com/reel/C-QFNetCXyS/,NÃO,
155,https://www.instagram.com/reel/C-HqCtav7fG/,NÃO,
156,https://www.instagram.com/reel/C_XxRxwAAcQ/,NÃO,
157,https://www.instagram.com/reel/C-ka9kySuDR/,NÃO,
158,https://www.instagram.com/reel/C__IRVaP3cH/,NÃO,
159,https://www.instagram.com/reel/C_ktF0rSRvO/,NÃO,
160,https://www.instagram.com/reel/DAJKntgupHG/,NÃO,
161,https://www.instagram.com/reel/C94wXQPyFQT/,NÃO,
162,https://www.instagram.com/reel/C-cZcSDsS-o/,NÃO,
163,https://www.instagram.com/reel/C__q-BmvshS/,NÃO,
164,https://www.instagram.com/reel/C_GKjihtv9k/,NÃO,
165,https://www.instagram.com/reel/C-fLCqDRa0G/,NÃO,
166,https://www.instagram.com/reel/DAO6N0Qv7lY/,NÃO,
167,https://www.instagram.com/reel/DAWYswBP6Ka/,NÃO,
168,https://www.instagram.com/reel/C9aLLi6irfB/,NÃO,
169,https://www.instagram.com/reel/DAOVaV9Io5M/,NÃO,
170,https://www.instagram.com/reel/C-NVyzPNuNH/,NÃO,
171,https://www.instagram.com/reel/DAE358Qv7dz/,NÃO,
172,https://www.instagram.com/reel/DAGPTsZMLlA/,NÃO,
173,https://www.instagram.com/reel/DALaIClRNR2/,NÃO,
174,https://www.instagram.com/reel/C-zbxRkCYLT/,NÃO,
175,https://www.instagram.com/reel/DAOG8zxOmeS/,NÃO,
176,https://www.instagram.com/reel/DAJOMPwNTjf/,NÃO,
177,https://www.instagram.com/reel/DAJGk9_Of02/,NÃO,
178,https://www.instagram.com/reel/DAKb16DRYA-/,NÃO,
179,https://www.instagram.com/p/C_zU4EjIzL4/,NÃO,
180,https://www.instagram.com/reel/C-vAUcJRXBb/,NÃO,
181,https://www.instagram.com/p/DAIytFyg9Mh/,NÃO,
182,https://www.instagram.com/reel/DAG4qg5yuFa/,NÃO,
183,https://www.instagram.com/reel/C_h1XclsE5q/,NÃO,
184,https://www.instagram.com/reel/C_DfuEgODTt/,NÃO,
185,https://www.instagram.com/reel/C87KG8pxkwr/,NÃO,
186,https://www.instagram.com/reel/C9dSaxEhEtr/,NÃO,
187,https://www.instagram.com/reel/C_-w1Z0M0yD/,NÃO,
188,https://www.instagram.com/reel/C_6iSgMyf6Y/,NÃO,
189,https://www.instagram.com/reel/DACXA4ttBUn/,NÃO,
190,https://www.instagram.com/reel/C-aEbSOyK97/,NÃO,
191,https://www.instagram.com/reel/C_4KfZxRiOb/,NÃO,
192,https://www.instagram.com/reel/C_lxZsRPSM4/,NÃO,
193,https://www.instagram.com/reel/C_pnu2OoTdo/,NÃO,
194,https://www.instagram.com/reel/C_3jfABtx2G/,NÃO,
195,https://www.instagram.com/reel/C--e966oNMz/,NÃO,
196,https://www.instagram.com/reel/C_VVk9jyxEy/,NÃO,
197,https://www.instagram.com/reel/C-3XIAfMeET/,NÃO,
198,https://www.instagram.com/reel/C--W3KfIxTY/,NÃO,
199,https://www.instagram.com/reel/C_bD-YPPDq9/,NÃO,
200,https://www.instagram.com/reel/C_lMJTARQGh/,NÃO,
201,https://www.instagram.com/reel/C_I85xBvg3l/,NÃO,
202,https://www.instagram.com/reel/C_VYix9ypyx/,NÃO,
203,https://www.instagram.com/reel/C_VQe1bJlw3/,NÃO,
204,https://www.instagram.com/reel/C_IQc-4yBWi/,NÃO,
205,https://www.instagram.com/reel/C_IqIKZPRHS/,NÃO,
206,https://www.instagram.com/reel/C-fGSSmOKBU/,NÃO,
207,https://www.instagram.com/reel/C9NQFCaN0Ti/,NÃO,
208,https://www.instagram.com/reel/C-xpKWNBipD/,NÃO,
209,https://www.instagram.com/p/C-qdCoBSs28/,NÃO,
210,https://www.instagram.com/reel/C_HINfuP3fR/,NÃO,
211,https://www.instagram.com/reel/C-5BZi0JafI/,NÃO,
212,https://www.instagram.com/reel/C-8EB0RC8nf/,NÃO,
213,https://www.instagram.com/reel/C-3cwK0vP6F/,NÃO,
214,https://www.instagram.com/reel/C-faBl5OAdL/,NÃO,
215,https://www.instagram.com/reel/C8Ug_4LKPKE/,NÃO,
216,https://www.instagram.com/reel/C9ugyPOJ4Q2/,NÃO,
217,https://www.instagram.com/reel/C-twgO-NURJ/,NÃO,
218,https://www.instagram.com/reel/C-kuhOSx3xa/,NÃO,
219,https://www.instagram.com/reel/C7XGylSPXry/,NÃO,
220,https://www.instagram.com/p/C-vIEPsOQ0e/,NÃO,
221,https://www.instagram.com/reel/C-K6CScN19T/,NÃO,
222,https://www.instagram.com/reel/C-k-mOBuMhz/,NÃO,
223,https://www.instagram.com/p/C-XkjeitZf5/,NÃO,
224,https://www.instagram.com/reel/C-I2VUvAd0u/,NÃO,
225,https://www.instagram.com/reel/C8usTK8sijE/,NÃO,
226,https://www.instagram.com/reel/C9hYKHEK9LF/,NÃO,
227,https://www.instagram.com/reel/C9780SluFCC/,NÃO,
228,https://www.instagram.com/reel/C-D3GuwsnTR/,NÃO,
229,https://www.instagram.com/reel/C-MbpPHA1Im/,NÃO,
230,https://www.instagram.com/p/C95AAi_yS3E/,NÃO,
231,https://www.instagram.com/reel/C95DQESMioE/,NÃO,
232,https://www.instagram.com/reel/C9-elCapf8-/,NÃO,
233,https://www.instagram.com/reel/C9w7U5zqJeN/,NÃO,
234,https://www.instagram.com/reel/C9QMNuAPnTT/,NÃO,
235,https://www.instagram.com/p/C9NGq1iRV8g/,NÃO,
236,https://www.instagram.com/reel/C9xMcVcssTW/,NÃO,
237,https://www.instagram.com/reel/C97NZaaS4Av/,NÃO,
238,https://www.instagram.com/reel/C9nnsrNBIbm/,NÃO,
239,https://www.instagram.com/p/C9f6Y-0vjrG/,NÃO,
240,https://www.instagram.com/reel/C4JiXygL8Sm/,NÃO,
241,https://www.instagram.com/reel/C4MF6rjOO1t/,NÃO,
242,https://www.instagram.com/reel/C5J2w3Xuslc/,NÃO,
243,https://www.instagram.com/reel/C6W-ux-uI2k/,NÃO,
244,https://www.instagram.com/reel/C7eHi3NuK2j/,NÃO,
245,https://www.instagram.com/reel/C9zhlduugfs/,NÃO,
246,https://www.instagram.com/reel/C9vJCAYoH2L/,NÃO,
247,https://www.instagram.com/reel/C7AKPWlvF2z/,NÃO,
248,https://www.instagram.com/reel/C9Swg0Tolsv/,NÃO,
249,https://www.instagram.com/reel/C9pnBlluWuH/,NÃO,
250,https://www.instagram.com/reel/C85OZfOPEpL/,NÃO,
251,https://www.instagram.com/reel/C9CdpHHNc8k/,NÃO,
252,https://www.instagram.com/reel/C9Jz3hAuSvH/,NÃO,
253,https://www.instagram.com/reel/C69pBZbxD7h/,NÃO,
254,https://www.instagram.com/reel/C8xswp5ptIT/,NÃO,
255,https://www.instagram.com/reel/C9XXW3eutv2/,NÃO,
256,https://www.instagram.com/reel/C9f11nrvnvz/,NÃO,
257,https://www.instagram.com/reel/C9ny1zpP_HD/,NÃO,
258,https://www.instagram.com/reel/C89tcMZNfLJ/,NÃO,
259,https://www.instagram.com/reel/C9nDWa2xabw/,NÃO,
260,https://www.instagram.com/reel/C9fZIa_PyAk/,NÃO,
261,https://www.instagram.com/reel/C9KXPq4O52I/,NÃO,
262,https://www.instagram.com/p/C9n2ECHOyMT/,NÃO,
263,https://www.instagram.com/reel/C9lMfW-PyjX/,NÃO,
264,https://www.instagram.com/reel/C9leV5tOmbG/,NÃO,
265,https://www.instagram.com/reel/C9j72qPOeAD/,NÃO,
266,https://www.instagram.com/reel/C7_2cSquewS/,NÃO,
267,https://www.instagram.com/reel/C9iW1WZPivC/,NÃO,
268,https://www.instagram.com/reel/C8h1ceqIaRK/,NÃO,
269,https://www.instagram.com/reel/C9fwQ6Tv3uE/,NÃO,
270,https://www.instagram.com/reel/C9dToPcvqgv/,NÃO,
271,https://www.instagram.com/reel/C9VaE3uthVP/,NÃO,
272,https://www.instagram.com/reel/C9ZxCf2uxM2/,NÃO,
273,https://www.instagram.com/reel/C9XtSJuuVxJ/,NÃO,
274,https://www.instagram.com/reel/C7oc-FhsvSG/,NÃO,
275,https://www.instagram.com/reel/C9NuqqhRY1K/,NÃO,
276,https://www.instagram.com/reel/C8_vny5pewv/,NÃO,
277,https://www.instagram.com/reel/C8zBMsKSlew/,NÃO,
278,https://www.instagram.com/reel/C8wZ9PXuhE7/,NÃO,
279,https://www.instagram.com/reel/C9P5YXEszhq/,NÃO,
280,https://www.instagram.com/reel/C9PoCj-ilja/,NÃO,
281,https://www.instagram.com/reel/CrAF2iVRZge/,NÃO,
282,https://www.instagram.com/reel/C9FcaPmsT36/,NÃO,
283,https://www.instagram.com/reel/C9IN_erMNYd/,NÃO,
284,https://www.instagram.com/reel/C8rvLXzol4e/,NÃO,
285,https://www.instagram.com/reel/C8lkA_EKhFQ/,NÃO,
286,https://www.instagram.com/reel/C6ctNPPL1mT/,NÃO,
287,https://www.instagram.com/reel/C7M34m6PqRK/,NÃO,
288,https://www.instagram.com/reel/C6pV41dL61p/,NÃO,
289,https://www.instagram.com/reel/C8exeg1u97z/,NÃO,
290,https://www.instagram.com/reel/C8e2Rq7Nx1h/,NÃO,
291,https://www.instagram.com/reel/C8XshnLvZ4S/,NÃO,
292,https://www.instagram.com/reel/C6KVmPcMttL/,NÃO,
293,https://www.instagram.com/reel/C5eqeSIuKro/,NÃO,
294,https://www.instagram.com/reel/C681j81uVMb/,NÃO,
295,https://www.instagram.com/reel/C8e4CxHRX7e/,NÃO,
296,https://www.instagram.com/reel/C8fu7FjsOZV/,NÃO,
297,https://www.instagram.com/reel/C8fXd7wPErT/,NÃO,
298,https://www.instagram.com/reel/C8XcnO5ipPY/,NÃO,
299,https://www.instagram.com/reel/C8Nrfo9pUP5/,NÃO,
300,https://www.instagram.com/reel/C7WiWkyI1Vb/,NÃO,
301,https://www.instagram.com/reel/C8MZ7W7xPWs/,NÃO,
302,https://www.instagram.com/reel/C71hAETx0ko/,NÃO,
303,https://www.instagram.com/p/C6tmgNyghCb/,NÃO,
304,https://www.instagram.com/reel/C7_UXWdttnq/,NÃO,
305,https://www.instagram.com/reel/C7W5ORdoz22/,NÃO,
306,https://www.instagram.com/reel/C8HsMK7hpey/,NÃO,
307,https://www.instagram.com/reel/C8GHb88uOg3/,NÃO,
308,https://www.instagram.com/reel/C6PN4NVOl4E/,NÃO,
309,https://www.instagram.com/reel/C6MzQJhMMWa/,NÃO,
310,https://www.instagram.com/reel/C7x3wcKOMB4/,NÃO,
311,https://www.instagram.com/reel/C7XFkzzO6z6/,NÃO,
312,https://www.instagram.com/reel/C6gdUNlOlw-/,NÃO,
313,https://www.instagram.com/reel/C74QjKyunJH/,NÃO,
314,https://www.instagram.com/reel/C6uYcQUO1f1/,NÃO,
315,https://www.instagram.com/reel/C7W0WNqui2H/,NÃO,
316,https://www.instagram.com/reel/C7NKpfnxb3F/,NÃO,
317,https://www.instagram.com/reel/C7o3rpOiLqg/,NÃO,
318,https://www.instagram.com/reel/C7CRANKt-LW/,NÃO,
319,https://www.instagram.com/reel/C6rNeTtpjRX/,NÃO,
320,https://www.instagram.com/reel/C7MaN8frl2j/,NÃO,
321,https://www.instagram.com/reel/C7ewZEqKQKL/,NÃO,
322,https://www.instagram.com/reel/C5ZKKefOCAJ/,NÃO,
323,https://www.instagram.com/reel/C6exAqaCxZ4/,NÃO,
324,https://www.instagram.com/reel/C7NRt1GOzBG/,NÃO,
325,https://www.instagram.com/reel/C6_m8YQCGCI/,NÃO,
326,https://www.instagram.com/reel/C4NSj21Op6B/,NÃO,
327,https://www.instagram.com/reel/C6roM7QuTHA/,NÃO,
328,https://www.instagram.com/reel/C6wpRVZPRnQ/,NÃO,
329,https://www.instagram.com/reel/C5OlNGJOl9V/,NÃO,
330,https://www.instagram.com/reel/C54gAd9tuJd/,NÃO,
331,https://www.instagram.com/reel/C6gxqHguuET/,NÃO,
332,https://www.instagram.com/reel/C4bJtUyu64x/,NÃO,
333,https://www.instagram.com/p/C6JbCzjOoIc/,NÃO,
334,https://www.instagram.com/p/C6EZt82rclg/,NÃO,
335,https://www.instagram.com/reel/C6ma23PJ-wJ/,NÃO,
336,https://www.instagram.com/reel/C6L47NuArnX/,NÃO,
337,https://www.instagram.com/reel/C6ZqOnyuKus/,NÃO,
338,https://www.instagram.com/p/C41MZx1gR63/,NÃO,
339,https://www.instagram.com/reel/C6Bhxu1LMqz/,NÃO,
340,https://www.instagram.com/reel/C6SCc64pcFk/,NÃO,
341,https://www.instagram.com/reel/C6FEW4hoMBO/,NÃO,
342,https://www.instagram.com/reel/C3-mC62tp6A/,NÃO,
343,https://www.instagram.com/reel/C36UwBJtDtp/,NÃO,
344,https://www.instagram.com/p/C58bLhWNQPp/,NÃO,
345,https://www.instagram.com/reel/C4fxNVor0Ig/,NÃO,
346,https://www.instagram.com/reel/C4ZA0GJseUc/,NÃO,
347,https://www.instagram.com/reel/C53DyatgXZt/,NÃO,
348,https://www.instagram.com/reel/C33c_ofJpV9/,NÃO,
349,https://www.instagram.com/reel/C5wViJvvNkv/,NÃO,
350,https://www.instagram.com/reel/C51vTYGpFKX/,NÃO,
351,https://www.instagram.com/reel/C53epU3rWsG/,NÃO,
352,https://www.instagram.com/reel/C5RTNnbAwGs/,NÃO,
353,https://www.instagram.com/reel/C32k__YuTF_/,NÃO,
354,https://www.instagram.com/reel/C5osTHKvJE5/,NÃO,
355,https://www.instagram.com/reel/C5qWkcwKKQk/,NÃO,
356,https://www.instagram.com/reel/C5gzlAEKYTf/,NÃO,
357,https://www.instagram.com/reel/C4ML4NSrruZ/,NÃO,
358,https://www.instagram.com/reel/C4yQF-7CIlt/,NÃO,
359,https://www.instagram.com/reel/C5TGIZ3OH2b/,NÃO,
360,https://www.instagram.com/reel/C4f0coZryjf/,NÃO,
361,https://www.instagram.com/reel/C5rXgt6OdpF/,NÃO,
362,https://www.instagram.com/reel/C4tuY1MvbcM/,NÃO,
363,https://www.instagram.com/reel/C5WLaZ2Lb8M/,NÃO,
364,https://www.instagram.com/reel/C4afisrOnaT/,NÃO,
365,https://www.instagram.com/reel/C47xaX3C6c8/,NÃO,
366,https://www.instagram.com/reel/C5qmRRNLxGR/,NÃO,
367,https://www.instagram.com/reel/C5WvieZv1tr/,NÃO,
368,https://www.instagram.com/reel/C5f4QBVOo1q/,NÃO,
369,https://www.instagram.com/reel/C357BPsPL3Q/,NÃO,
370,https://www.instagram.com/reel/C38SyttJj8v/,NÃO,
371,https://www.instagram.com/reel/C4Rc27qPBBN/,NÃO,
372,https://www.instagram.com/reel/C5J1x6eqpVU/,NÃO,
373,https://www.instagram.com/reel/C5VDTJ_tcTP/,NÃO,
374,https://www.instagram.com/reel/C5WpafMx8Yz/,NÃO,
375,https://www.instagram.com/reel/C4xxwVPIWiV/,NÃO,
376,https://www.instagram.com/reel/C4z8rgfB-B_/,NÃO,
377,https://www.instagram.com/reel/C40hm-POXMD/,NÃO,
378,https://www.instagram.com/reel/C5WAo32utVH/,NÃO,
379,https://www.instagram.com/reel/C5S-G_9o3NB/,NÃO,
380,https://www.instagram.com/reel/C5WqekSvW-Q/,NÃO,
381,https://www.instagram.com/reel/C4gkMkfpqo6/,NÃO,
382,https://www.instagram.com/reel/C5UMtbWOxCi/,NÃO,
383,https://www.instagram.com/reel/C5OO5itMcMO/,NÃO,
384,https://www.instagram.com/reel/C5Qf2ZuPFzW/,NÃO,
385,https://www.instagram.com/reel/C5RKrPnIlqA/,NÃO,
386,https://www.instagram.com/reel/C5Qiq63r-H1/,NÃO,
387,https://www.instagram.com/reel/C4tAVIOLd27/,NÃO,
388,https://www.instagram.com/reel/C49BNW6Ltfh/,NÃO,
389,https://www.instagram.com/p/C5C7h_OOe3A/,NÃO,
390,https://www.instagram.com/reel/C1vVaqSBR-i/,NÃO,
391,https://www.instagram.com/p/C5AG2GZosdh/,NÃO,
392,https://www.instagram.com/p/CxiWaz4AP5r/,NÃO,
393,https://www.instagram.com/reel/C47dwowIi_g/,NÃO,
394,https://www.instagram.com/reel/C3sac3vMwp1/,NÃO,
395,https://www.instagram.com/reel/C4wI7ZZpJ3a/,NÃO,
396,https://www.instagram.com/reel/C4sZiB_PRdv/,NÃO,
397,https://www.instagram.com/reel/C3NcbpMRUD5/,NÃO,
398,https://www.instagram.com/reel/C22RDR1NvHp/,NÃO,
399,https://www.instagram.com/reel/C49Mn9LOiHx/,NÃO,
400,https://www.instagram.com/reel/C4TJA6Et3KP/,NÃO,
401,https://www.instagram.com/p/C5COiW9rUye/,NÃO,
402,https://www.instagram.com/reel/C5DY4kBPQq_/,NÃO,
403,https://www.instagram.com/reel/C40Lv7wvxMm/,NÃO,
404,https://www.instagram.com/reel/C4dXTDILRMK/,NÃO,
405,https://www.instagram.com/reel/C4G62e4Oyyo/,NÃO,
406,https://www.instagram.com/reel/C5Bba-Hr2Ar/,NÃO,
407,https://www.instagram.com/reel/C4p78aXPxhx/,NÃO,
408,https://www.instagram.com/reel/C49DzawOOyI/,NÃO,
409,https://www.instagram.com/reel/C436molRuHs/,NÃO,
410,https://www.instagram.com/reel/C4yKe2nIYFr/,NÃO,
411,https://www.instagram.com/reel/C3kENUDtFP2/,NÃO,
412,https://www.instagram.com/reel/C4lCGLlMcze/,NÃO,
413,https://www.instagram.com/reel/C4lSIEBAWFu/,NÃO,
414,https://www.instagram.com/reel/C4qcaQ4CRxp/,NÃO,
415,https://www.instagram.com/reel/C40cIqOI5oO/,NÃO,
416,https://www.instagram.com/reel/C48PBKYsdGH/,NÃO,
417,https://www.instagram.com/reel/C45ZTJdRp-D/,NÃO,
418,https://www.instagram.com/reel/C47tNYKNhIu/,NÃO,
419,https://www.instagram.com/reel/C4wArcFxB49/,NÃO,
420,https://www.instagram.com/reel/C43EcmiLVvy/,NÃO,
421,https://www.instagram.com/reel/C4c6Z1ZygNz/,NÃO,
422,https://www.instagram.com/reel/C46fZLKPyqF/,NÃO,
423,https://www.instagram.com/p/C4LNZhfL0Lq/,NÃO,
424,https://www.instagram.com/reel/C40OriZOhwD/,NÃO,
425,https://www.instagram.com/p/C4viFqriTB1/,NÃO,
426,https://www.instagram.com/p/C44J6m8NiQf/,NÃO,
427,https://www.instagram.com/p/C4vYaznrVEW/,NÃO,
428,https://www.instagram.com/p/CtEPow8Knhn/,NÃO,
429,https://www.instagram.com/reel/C4vRhxNLk1M/,NÃO,
430,https://www.instagram.com/p/C4JAqz3NaV3/,NÃO,
431,https://www.instagram.com/reel/C4oCqfruuA7/,NÃO,
432,https://www.instagram.com/reel/C4iJLfjIIVk/,NÃO,
433,https://www.instagram.com/reel/C4G5dMiyEsX/,NÃO,
434,https://www.instagram.com/reel/C4edZYFtJyD/,NÃO,
435,https://www.instagram.com/reel/C2rqsEBR2_x/,NÃO,
436,https://www.instagram.com/reel/C4gfQ9WJwQK/,NÃO,
437,https://www.instagram.com/reel/C4HFTl5v3lN/,NÃO,
438,https://www.instagram.com/reel/C3DINpRrJhN/,NÃO,
439,https://www.instagram.com/reel/C4HRNvwLQJW/,NÃO,
440,https://www.instagram.com/reel/C2FcstOx36x/,NÃO,
441,https://www.instagram.com/reel/C4Oh4tbAjbC/,NÃO,
442,https://www.instagram.com/reel/C4IcemuPCd0/,NÃO,
443,https://www.instagram.com/reel/C2cZ2Kgg01i/,NÃO,
444,https://www.instagram.com/reel/C4Sv2iZowUH/,NÃO,
445,https://www.instagram.com/reel/C4PtMyAMiKv/,NÃO,
446,https://www.instagram.com/reel/C3q5ALWubDg/,NÃO,
447,https://www.instagram.com/reel/C4Qm0pYL57V/,NÃO,
448,https://www.instagram.com/reel/C4RFRsYSnXG/,NÃO,
449,https://www.instagram.com/reel/C4A6BLBtu8i/,NÃO,
450,https://www.instagram.com/reel/C4Iwf4aJ4Zn/,NÃO,
451,https://www.instagram.com/reel/C4O4A96rMtR/,NÃO,
452,https://www.instagram.com/reel/C35l4QvMrpA/,NÃO,
453,https://www.instagram.com/reel/C37u8LGtCIM/,NÃO,
454,https://www.instagram.com/reel/C2fYcvSNdpH/,NÃO,
455,https://www.instagram.com/reel/C3-n1llr1O_/,NÃO,
456,https://www.instagram.com/p/C3tD1RouITO/,NÃO,
457,https://www.instagram.com/reel/C4A7StIuJZO/,NÃO,
458,https://www.instagram.com/reel/C3-I-jfLXWJ/,NÃO,
459,https://www.instagram.com/reel/C37alhROu-T/,NÃO,
460,https://www.instagram.com/reel/C34Cp5jrROW/,NÃO,
461,https://www.instagram.com/reel/C3-XunYOs-E/,NÃO,
462,https://www.instagram.com/p/C3_KgkgNz-E/,NÃO,
463,https://www.instagram.com/reel/C3nqR-TLOgk/,NÃO,
464,https://www.instagram.com/reel/C1t1gFyI9rx/,NÃO,
465,https://www.instagram.com/reel/C0tu02wqBKd/,NÃO,
466,https://www.instagram.com/reel/C3bEU6Wg0O8/,NÃO,
467,https://www.instagram.com/reel/C32wEatib9C/,NÃO,
468,https://www.instagram.com/reel/C3aXCgnBhij/,NÃO,
469,https://www.instagram.com/reel/C2ctjzsLDZ6/,NÃO,
470,https://www.instagram.com/reel/C2-_D7-uEdA/,NÃO,
471,https://www.instagram.com/reel/C2yE3HIuRM3/,NÃO,
472,https://www.instagram.com/reel/C3LmNVUu314/,NÃO,
473,https://www.instagram.com/reel/C3Px5Tlu7T0/,NÃO,
474,https://www.instagram.com/reel/C3Gg7yqxi3-/,NÃO,
475,https://www.instagram.com/reel/C3sTOu6ub9p/,NÃO,
476,https://www.instagram.com/reel/C3f1y8fP-4j/,NÃO,
477,https://www.instagram.com/reel/C3nF-VfsxlQ/,NÃO,
478,https://www.instagram.com/reel/C3n8sqdvtwJ/,NÃO,
479,https://www.instagram.com/reel/C3aidvnrjH_/,NÃO,
480,https://www.instagram.com/reel/C3n17O7PHmX/,NÃO,
481,https://www.instagram.com/reel/C3sHv2NPbV6/,NÃO,
482,https://www.instagram.com/reel/C3oGw2SPJVz/,NÃO,
483,https://www.instagram.com/reel/C176r-mvEtO/,NÃO,
484,https://www.instagram.com/reel/C0g1tVdSzqf/,NÃO,
485,https://www.instagram.com/reel/C2PuvXKMLZb/,NÃO,
486,https://www.instagram.com/reel/C3fg9NkAnpu/,NÃO,
487,https://www.instagram.com/reel/C2Q7VURAsvS/,NÃO,
488,https://www.instagram.com/reel/C2uogJMNW8x/,NÃO,
489,https://www.instagram.com/reel/C3lIfQgucnc/,NÃO,
490,https://www.instagram.com/reel/C2MlnNsvotQ/,NÃO,
491,https://www.instagram.com/reel/C3d1eGHOgBM/,NÃO,
492,https://www.instagram.com/reel/C3SlVl0hKLo/,NÃO,
493,https://www.instagram.com/reel/C0b7EhuuZV9/,NÃO,
494,https://www.instagram.com/reel/C3Yo2jOurf5/,NÃO,
495,https://www.instagram.com/reel/C0WgkcgPOe2/,NÃO,
496,https://www.instagram.com/reel/C2ziyLXM9jI/,NÃO,
497,https://www.instagram.com/reel/C1nJjjYP_hX/,NÃO,
498,https://www.instagram.com/reel/C22igukLyPD/,NÃO,
499,https://www.instagram.com/reel/C2E-qZ4gEgy/,NÃO,
500,https://www.instagram.com/reel/C2ebR7HN1PS/,NÃO,
501,https://www.instagram.com/reel/C2hGq5qOV6S/,NÃO,
502,https://www.instagram.com/reel/C3AlR4FIcSf/,NÃO,
503,https://www.instagram.com/reel/C0ManCyOwhG/,NÃO,
504,https://www.instagram.com/reel/C3TcNZnLYM_/,NÃO,
505,https://www.instagram.com/p/C27zW4HvBQ_/,NÃO,
506,https://www.instagram.com/reel/C3WhfjWJOHa/,NÃO,
507,https://www.instagram.com/reel/C29myrvPgEE/,NÃO,
508,https://www.instagram.com/p/C2-0TOQIxeg/,NÃO,
509,https://www.instagram.com/reel/Cz5uvneyhMX/,NÃO,
510,https://www.instagram.com/reel/C3ILi4AMkZ-/,NÃO,
511,https://www.instagram.com/reel/C1_H8vPCUkh/,NÃO,
512,https://www.instagram.com/reel/C22sqZhO8rm/,NÃO,
513,https://www.instagram.com/reel/C2KQE1IvAr_/,NÃO,
514,https://www.instagram.com/p/C3MsWjuujwa/,NÃO,
515,https://www.instagram.com/reel/C1O0odWJrbP/,NÃO,
516,https://www.instagram.com/reel/C3GC0WBxf_I/,NÃO,
517,https://www.instagram.com/reel/C2yWH8xLA74/,NÃO,
518,https://www.instagram.com/reel/C1nbS43vEde/,NÃO,
519,https://www.instagram.com/reel/C10DABAPoSA/,NÃO,
520,https://www.instagram.com/reel/C3DXW4XodnB/,NÃO,
521,https://www.instagram.com/reel/C3M9PSqijYQ/,NÃO,
522,https://www.instagram.com/reel/C2kUGRNyA8Z/,NÃO,
523,https://www.instagram.com/reel/C0_4hFDS_hk/,NÃO,
524,https://www.instagram.com/reel/CzwCbWToNg3/,NÃO,
525,https://www.instagram.com/p/C3D1QggO1Tl/,NÃO,
526,https://www.instagram.com/reel/C14aWwVrwxl/,NÃO,
527,https://www.instagram.com/reel/C23cRZnpZpy/,NÃO,
528,https://www.instagram.com/reel/C210NuRixCb/,NÃO,
529,https://www.instagram.com/reel/C22i-XasVtz/,NÃO,
530,https://www.instagram.com/reel/C2upLhBhtWX/,NÃO,
531,https://www.instagram.com/reel/C3AdgysocnE/,NÃO,
532,https://www.instagram.com/reel/C1uai5fOM0c/,NÃO,
533,https://www.instagram.com/reel/C2w-_9Py1PA/,NÃO,
534,https://www.instagram.com/reel/C2w_kvwISIj/,NÃO,
535,https://www.instagram.com/reel/C2vYUEsunxU/,NÃO,
536,https://www.instagram.com/reel/C17M4KVOya5/,NÃO,
537,https://www.instagram.com/reel/C2kcThoiFqb/,NÃO,
538,https://www.instagram.com/reel/C2i5ECExWKH/,NÃO,
539,https://www.instagram.com/reel/C1KMIWIrK1R/,NÃO,
540,https://www.instagram.com/reel/C1wg9NjuoTV/,NÃO,
541,https://www.instagram.com/p/C2FL2YvuIs9/,NÃO,
542,https://www.instagram.com/p/C2FdsVLg8tx/,NÃO,
543,https://www.instagram.com/reel/C1JdlRyhWsK/,NÃO,
544,https://www.instagram.com/p/C1zXKNsvVBT/,NÃO,
545,https://www.instagram.com/p/CxDrKM4r0k5/,NÃO,
546,https://www.instagram.com/p/C19aJoTN3zJ/,NÃO,
547,https://www.instagram.com/reel/C1weQgNSGlk/,NÃO,
548,https://www.instagram.com/reel/C1hf_GxOP11/,NÃO,
549,https://www.instagram.com/reel/C1573wTOz8b/,NÃO,
550,https://www.instagram.com/reel/C1SlLyRyQ8L/,NÃO,
551,https://www.instagram.com/reel/C1kmvhOyrXF/,NÃO,
552,https://www.instagram.com/p/C2AfRZmLCUF/,NÃO,
553,https://www.instagram.com/reel/C15X3lGvbwt/,NÃO,
554,https://www.instagram.com/reel/C1-ZWdLp9j1/,NÃO,
555,https://www.instagram.com/reel/C14mntmLgfi/,NÃO,
556,https://www.instagram.com/reel/C19C4ysOc0P/,NÃO,
557,https://www.instagram.com/reel/C0EAaKYxFb5/,NÃO,
558,https://www.instagram.com/reel/C1AIQazLX00/,NÃO,
559,https://www.instagram.com/reel/CzMGX8qr81z/,NÃO,
560,https://www.instagram.com/reel/CzWao8NsSwW/,NÃO,
561,https://www.instagram.com/reel/C0n_xz2ISg5/,NÃO,
562,https://www.instagram.com/reel/C1hTWytug0k/,NÃO,
563,https://www.instagram.com/reel/C1D5COerMBO/,NÃO,
564,https://www.instagram.com/reel/CzWK_Lry7t6/,NÃO,
565,https://www.instagram.com/reel/Cz6uohmuy7Z/,NÃO,
566,https://www.instagram.com/reel/C1FjWd_J1jh/,NÃO,
567,https://www.instagram.com/reel/C12ymkRORe6/,NÃO,
568,https://www.instagram.com/reel/C16Z0vhIP5_/,NÃO,
569,https://www.instagram.com/reel/C1ICh0GJI0S/,NÃO,
570,https://www.instagram.com/reel/Cz4np6HuA-C/,NÃO,
571,https://www.instagram.com/reel/C1UWeJPI8HY/,NÃO,
572,https://www.instagram.com/reel/C0rt-nqvedP/,NÃO,
573,https://www.instagram.com/reel/C1uTQzxtfzu/,NÃO,
574,https://www.instagram.com/reel/C1MxLfZMh8U/,NÃO,
575,https://www.instagram.com/reel/CzujcNQrBEn/,NÃO,
576,https://www.instagram.com/reel/CzvmmWwphlU/,NÃO,
577,https://www.instagram.com/reel/Czd4jAILNyi/,NÃO,
578,https://www.instagram.com/reel/C14upXwNndx/,NÃO,
579,https://www.instagram.com/reel/C0jcnGui4DP/,NÃO,
580,https://www.instagram.com/reel/C09nwElNQYR/,NÃO,
581,https://www.instagram.com/reel/C1ykjcDsEPp/,NÃO,
582,https://www.instagram.com/reel/C1XddpasLFD/,NÃO,
583,https://www.instagram.com/reel/Cz-osMyoWqn/,NÃO,
584,https://www.instagram.com/reel/C07pA9_MhSD/,NÃO,
585,https://www.instagram.com/reel/C1T3imIpro9/,NÃO,
586,https://www.instagram.com/reel/C0MjrUnA9xG/,NÃO,
587,https://www.instagram.com/p/C13_ciUuwzU/,NÃO,
588,https://www.instagram.com/p/C11kNn_uVcU/,NÃO,
589,https://www.instagram.com/p/C1XvRptgUy1/,NÃO,
590,https://www.instagram.com/p/C1LCL2GCZQt/,NÃO,
591,https://www.instagram.com/reel/Cx3r3WZv01Y/,NÃO,
592,https://www.instagram.com/reel/Cv-ivT3r9yG/,NÃO,
593,https://www.instagram.com/reel/CwTuSgyBLTG/,NÃO,
594,https://www.instagram.com/reel/CxLVDwTr5gn/,NÃO,
595,https://www.instagram.com/reel/CxAO2KpJXIV/,NÃO,
596,https://www.instagram.com/reel/CwkWXBAuaZv/,NÃO,
597,https://www.instagram.com/reel/CxcdVVaPQlO/,NÃO,
598,https://www.instagram.com/reel/CvbCWsBtrWO/,NÃO,
599,https://www.instagram.com/reel/Cw05bOjubVl/,NÃO,
600,https://www.instagram.com/reel/Cug8vrJRR-_/,NÃO,
601,https://www.instagram.com/p/CvcJXxMu21G/,NÃO,
602,https://www.instagram.com/p/Cukm-xBOSEs/,NÃO,
603,https://www.instagram.com/reel/CtB4b89hcS2/,NÃO,
604,https://www.instagram.com/reel/CtoPVpiA_Nk/,NÃO,
605,https://www.instagram.com/reel/CuH7PxTI_dK/,NÃO,
606,https://www.instagram.com/reel/Ct-A_PEtvgU/,NÃO,
607,https://www.instagram.com/p/CtzBluKJz5W/,NÃO,
608,https://www.instagram.com/p/Cs1-cYALi6C/,NÃO,
609,https://www.instagram.com/reel/CrTtYnMJW_U/,NÃO,
610,https://www.instagram.com/reel/CpODv_XMKH5/,NÃO,
611,https://www.instagram.com/reel/Cm9iNCXhuJf/,NÃO,
612,https://www.instagram.com/reel/CqN7l5-gAW-/,NÃO,
613,https://www.instagram.com/reel/Cng29g4jnhj/,NÃO,
614,https://www.instagram.com/reel/Cp3vQLMg-C9/,NÃO,
615,https://www.instagram.com/reel/CpGZ9CVDbMC/,NÃO,
616,https://www.instagram.com/reel/CoH2eQ7PRgU/,NÃO,
617,https://www.instagram.com/reel/CqBxSt0gnpg/,NÃO,
618,https://www.instagram.com/reel/CpTaptgA8XQ/,NÃO,
619,https://www.instagram.com/reel/CqbcBltgrOZ/,NÃO,
620,https://www.instagram.com/reel/CnZkFK8MHVL/,NÃO,
621,https://www.instagram.com/p/Ck1osMFj2tG/,NÃO,
622,https://www.instagram.com/reel/Cj3N60eqvzz/,NÃO,
623,https://www.instagram.com/reel/CL1xlaJJrTb/,NÃO,
624,https://www.instagram.com/reel/CJ2OmhxDn6R/,NÃO,
625,https://www.instagram.com/p/CFPIHwJHZaa/,NÃO,
626,https://www.instagram.com/reel/DGfr7yaxsPy/,NÃO,
627,https://www.instagram.com/reel/DGfmnFasfDW/,NÃO,
628,https://www.instagram.com/reel/DD5SQ98y1Gn/,NÃO,
629,https://www.instagram.com/reel/C_77fWAyEQ2/,NÃO,
630,https://www.instagram.com/p/DGRPlIKyRvC/?img_index=4,NÃO,
631,https://www.instagram.com/reel/DCOo3o0yzGC/,NÃO,
632,https://www.instagram.com/reel/DD4WdMhTJSC/,NÃO,
633,https://www.instagram.com/p/DF6PE1JM3s3/,NÃO,
634,https://www.instagram.com/reel/DDwgE1JIT0H/,NÃO,
635,https://www.instagram.com/reel/DCmiyYoyzD6/,NÃO,
636,https://www.instagram.com/reel/DGY1JOSyyOT/,NÃO,
637,https://www.instagram.com/reel/DB38HYqRCrO/,NÃO,
638,https://www.instagram.com/reel/DE4xBPux2hs/,NÃO,
639,https://www.instagram.com/reel/DCym_PpyiT0/,NÃO,
640,https://www.instagram.com/reel/DEplVoEvFcJ/,NÃO,
641,https://www.instagram.com/p/C-G3suTNrLx/,NÃO,
642,https://www.instagram.com/reel/DFQ8jiKPJ8o/,NÃO,
643,https://www.instagram.com/reel/DGqR0tyosMt/,NÃO,
644,https://www.instagram.com/reel/DGvF22YxQPS/,NÃO,
645,https://www.instagram.com/reel/DBd18MVqE7n/,NÃO,
646,https://www.instagram.com/p/DGdbC9dgBIA/,NÃO,
647,https://www.instagram.com/p/DGgrYeMx0Ek/,NÃO,
648,https://www.instagram.com/reel/DEII3ltRhvy/,NÃO,
649,https://www.instagram.com/reel/DGsXZIJoHvS/,NÃO,
650,https://www.instagram.com/reel/DGsMTUlR8O_/,NÃO,
651,https://www.instagram.com/p/DGiozjDx7w9/?img_index=1,NÃO,
652,https://www.instagram.com/reel/DA3g9WbJawi/,NÃO,
653,https://www.instagram.com/p/C8fEm55AciF/,NÃO,
654,https://www.instagram.com/reel/DEXeYiLJwhh/,NÃO,
655,https://www.instagram.com/p/DGMS0Z4NgWa/?img_index=3,NÃO,
656,https://www.instagram.com/reel/DGx4U-6peiL/,NÃO,
657,https://www.instagram.com/p/DGdtEXQRZfu/,NÃO,
658,https://www.instagram.com/reel/DG6B2-cMzKz/,NÃO,
659,https://www.instagram.com/reel/DGAnNPciXGL/,NÃO,
660,https://www.instagram.com/reel/DHD-oMuOeZC/,NÃO,
661,https://www.instagram.com/reel/DGVsxU4RxS7/,NÃO,
662,https://www.instagram.com/p/DHDutJVNK5-/,NÃO,
663,https://www.instagram.com/reel/DA_mW1AsYdv/,NÃO,
664,https://www.instagram.com/reel/DG2lkJktVMA/,NÃO,
665,https://www.instagram.com/reel/DFRzfLvyfUl/,NÃO,
666,https://www.instagram.com/reel/DF_X8ubtnFY/,NÃO,
667,https://www.instagram.com/reel/DFr73S2Tj-U/,NÃO,
668,https://www.instagram.com/reel/DAKzLJYM0LW/,NÃO,
669,https://www.instagram.com/reel/DBWjtgasBAb/,NÃO,
670,https://www.instagram.com/reel/DBHmDlBugM5/,NÃO,
671,https://www.instagram.com/reel/DCRjVeXP-WK/,NÃO,
672,https://www.instagram.com/reel/DAxfwQmsalE/,NÃO,
673,https://www.instagram.com/reel/DEOOfQyS9hW/,NÃO,
674,https://www.instagram.com/p/DHWu5f6MPDU/,NÃO,
675,https://www.instagram.com/reel/DF7f4J9ir8u/,NÃO,
676,https://www.instagram.com/reel/DHV47UPJJQe/,NÃO,
677,https://www.instagram.com/reel/DHYVhZANdDM/,NÃO,
678,https://www.instagram.com/reel/DHljJuoRScR/,NÃO,
679,https://www.instagram.com/reel/DF-IW4UC_lF/,NÃO,
680,https://www.instagram.com/p/DGvD0cbM1rE/,NÃO,
681,https://www.instagram.com/reel/DHaspDkRV34/,NÃO,
682,https://www.instagram.com/reel/DF7LJlDA1ht/,NÃO,
683,https://www.instagram.com/reel/DHUbmSMvleH/,NÃO,
684,https://www.instagram.com/reel/DHu2LuXRRM2/,NÃO,
685,https://www.instagram.com/reel/DG4hsSLI0jJ/,NÃO,
686,https://www.instagram.com/reel/DHwdtRUJmPS/,NÃO,
687,https://www.instagram.com/reel/DH4fhv3P40e/,NÃO,
688,https://www.instagram.com/reel/DHoViYlpIbS/,NÃO,
689,https://www.instagram.com/reel/DGBBbY5xDAu/,NÃO,
690,https://www.instagram.com/reel/DF4vVgXJVEc/,NÃO,
691,https://www.instagram.com/reel/DBed0NzMqAM/,NÃO,
692,https://www.instagram.com/reel/DG_dBkovyJo/,NÃO,
693,https://www.instagram.com/p/DH4dJjcM6cO/?img_index=5,NÃO,
694,https://www.instagram.com/p/DH_YeKSxs6j/?img_index=5,NÃO,
695,https://www.instagram.com/reel/DGlusYGNNTt/,NÃO,
696,https://www.instagram.com/reel/DHOTS3fobpc/,NÃO,
697,https://www.instagram.com/p/DHoq1QrA6-p/,NÃO,
698,https://www.instagram.com/reel/DFnTubfiUAl/,NÃO,
699,https://www.instagram.com/p/DHhF80OS9cc/?img_index=4,NÃO,
700,https://www.instagram.com/p/DHcbpcpgvwY/,NÃO,
701,https://www.instagram.com/reel/DIW_UnXScka/,NÃO,
702,https://www.instagram.com/reel/DIWjAp_x2Fc/,NÃO,
703,https://www.instagram.com/reel/DG6Zr65xZoZ/,NÃO,
704,https://www.instagram.com/reel/DHDv9uKNhJY/,NÃO,
705,https://www.instagram.com/reel/DHL5MIgJMgg/,NÃO,
706,https://www.instagram.com/reel/DG7CUwrxFgs/,NÃO,
707,https://www.instagram.com/reel/DIRcEiesjkr/,NÃO,
708,https://www.instagram.com/reel/DHdp9aeCJO3/,NÃO,
709,https://www.instagram.com/reel/DICDotHPsu8/,NÃO,
710,https://www.instagram.com/reel/DESSpb-M_Tl/,NÃO,
711,https://www.instagram.com/reel/DIPS4KESHxH/,NÃO,
712,https://www.instagram.com/reel/DHliKSwR6LW/,NÃO,
713,https://www.instagram.com/reel/DD0K4_FStJN/,NÃO,
714,https://www.instagram.com/reel/DF09cudyZvL/,NÃO,
715,https://www.instagram.com/reel/DHWCm3kJjeB/,NÃO,
716,https://www.instagram.com/reel/DIoQ8NgyZeA/,NÃO,
717,https://www.instagram.com/reel/DHejiVHSiRR/,NÃO,
718,https://www.instagram.com/p/DI1BqYTv1zJ/?img_index=6,NÃO,
719,https://www.instagram.com/reel/DI4MIMngeJM/,NÃO,
720,https://www.instagram.com/reel/DB8rntOOfam/,NÃO,
721,https://www.instagram.com/reel/DH1Kk63PJQA/,NÃO,
722,https://www.instagram.com/reel/DIWfGJIR8Yw/,NÃO,
723,https://www.instagram.com/reel/DIw7GEcviJt/,NÃO,
724,https://www.instagram.com/rabbitnations,NÃO,
725,https://www.instagram.com/reel/DG4iTVTR3fP/,NÃO,
726,https://www.instagram.com/reel/DHmhpKXIhVJ/,NÃO,
727,https://www.instagram.com/reel/DHl1BoRRIvF/,NÃO,
728,https://www.instagram.com/reel/DHJGSYMApvx/,NÃO,
729,https://www.instagram.com/reel/DIdtaKlRQVV/,NÃO,
730,https://www.instagram.com/reel/DI1PeCvuR_L/,NÃO,
731,https://www.instagram.com/p/DI-BwSfzSrV/?img_index=2,NÃO,
732,https://www.instagram.com/reel/DJXmfmFPrYb/,NÃO,
733,https://www.instagram.com/reel/DI_s3Tqxi4l/,NÃO,
734,https://www.instagram.com/reel/DJjeB4euCnx/,NÃO,
735,https://www.instagram.com/reel/DJRVd3GNFpm/,NÃO,
736,https://www.instagram.com/reel/DHvZN1ax8vi/,NÃO,
737,https://www.instagram.com/reel/DJY7sGFONvy/,NÃO,
738,https://www.instagram.com/reel/DJg-rEbTg0u/,NÃO,
739,https://www.instagram.com/reel/DJXSdisyrRG/,NÃO,
740,https://www.instagram.com/reel/DEKntA0Nzsx/,NÃO,
741,https://www.instagram.com/reel/DFar7VgvMo9/,NÃO,
742,https://www.instagram.com/reel/DJXYcdfhMlx/,NÃO,
743,https://www.instagram.com/reel/DEgmO1KJe5R/,NÃO,
744,https://www.instagram.com/reel/DJmKkXoRrpP/,NÃO,
745,https://www.instagram.com/reel/DIqBFLUNzbu/,NÃO,
746,https://www.instagram.com/reel/DIp4gzBzt2I/,NÃO,
747,https://www.instagram.com/p/DJjrfB-O-nj/?img_index=5,NÃO,
748,https://www.instagram.com/reel/DHfP9sGSktK/,NÃO,
749,https://www.instagram.com/reel/DIWWgiQxzJK/,NÃO,
750,https://www.instagram.com/reel/DIyeQa1Pjvb/,NÃO,
751,https://www.instagram.com/reel/DH80Ko9Mi2p/,NÃO,
752,https://www.instagram.com/reel/DHlHV8Yqk1P/,NÃO,
753,https://www.instagram.com/reel/DIjUwpYM9Wz/,NÃO,
754,https://www.instagram.com/reel/DJvEm76KiBs/,NÃO,
755,https://www.instagram.com/reel/DJUqIvxpFGe/,NÃO,
756,https://www.instagram.com/p/DJpJYjaMUrR/?img_index=3,NÃO,
757,https://www.instagram.com/reel/DJuOoN0t2Da/,NÃO,
758,https://www.instagram.com/reel/DF0vC6-SImi/,NÃO,
759,https://www.instagram.com/reel/DKIgjnDtuAz/,NÃO,
760,https://www.instagram.com/reel/DJv2RnBttPn/,NÃO,
761,https://www.instagram.com/reel/DKXMh0KPLRh/,NÃO,
762,https://www.instagram.com/reel/DJNIxHYRQXc/,NÃO,
763,https://www.instagram.com/reel/DF8NcunsxJp/,NÃO,
764,https://www.instagram.com/reel/DJtWCoyqnFU/,NÃO,
765,https://www.instagram.com/reel/DKXCUu7MVtc/,NÃO,
766,https://www.instagram.com/reel/DKUWwCDs8PX/,NÃO,
767,https://www.instagram.com/reel/DKZusn9uldy/,NÃO,
768,https://www.instagram.com/reel/DH1NpOrOpfw/,NÃO,
769,https://www.instagram.com/reel/DFX3wYCRseu/,NÃO,
770,https://www.instagram.com/reel/DIR39Pqh3JO/,NÃO,
771,https://www.instagram.com/reel/DEFY1IWMn9r/,NÃO,
772,https://www.instagram.com/p/DKCJqmfOj4-/?img_index=7,NÃO,
773,https://www.instagram.com/reel/DKShdKWvAVP/,NÃO,
774,https://www.instagram.com/reel/DE1bET6SppH/,NÃO,
775,https://www.instagram.com/reel/DKjuZQHzKsN/,NÃO,
776,https://www.instagram.com/reel/DDa5U7iPhoy/,NÃO,
777,https://www.instagram.com/reel/DKToJ8XSC7S/,NÃO,
778,https://www.instagram.com/reel/DHXLZ4GSxvg/,NÃO,
779,https://www.instagram.com/reel/DKdbfOGxS3i/,NÃO,
780,https://www.instagram.com/reel/DIilbTPO8O1/,NÃO,
781,https://www.instagram.com/reel/DDfT1irx2tY/,NÃO,
782,https://www.instagram.com/reel/DFw2EhhCJvK/,NÃO,
783,https://www.instagram.com/reel/DD7PvwZSyN7/,NÃO,
784,https://www.instagram.com/reel/DInA276PvHG/,NÃO,
785,https://www.instagram.com/reel/DF8COZUSsbe/,NÃO,
786,https://www.instagram.com/reel/DJeZ880uJmN/,NÃO,
787,https://www.instagram.com/reel/DFInbgbtVbn/,NÃO,
788,https://www.instagram.com/reel/DI_BkTzp_zT/,NÃO,
789,https://www.instagram.com/reel/DJRXsf6hzks/,NÃO,
790,https://www.instagram.com/reel/DJ1tnMTR7-g/,NÃO,
791,https://www.instagram.com/reel/DKh3UE8orRp/,NÃO,
792,https://www.instagram.com/reel/DKcundqSdG3/,NÃO,
793,https://www.instagram.com/reel/DKJdH1qT0UF/,NÃO,
794,https://www.instagram.com/reel/DKaM_wfOTAz/,NÃO,
795,https://www.instagram.com/reel/DJcCdXEOGg_/,NÃO,
796,https://www.instagram.com/reel/DKUdpjztP1E/,NÃO,
797,https://www.instagram.com/reel/DFclaRKTW63/,NÃO,
798,https://www.instagram.com/reel/DFAAtWJR-Ux/,NÃO,
799,https://www.instagram.com/reel/DItaIz1BYiS/,NÃO,
800,https://www.instagram.com/reel/DKen-SxhFHg/,NÃO,
801,https://www.instagram.com/reel/DKlovmXy51H/,NÃO,
802,https://www.instagram.com/reel/DKo7qYapzM0/,NÃO,
803,https://www.instagram.com/reel/DKj4kaVpsRm/,NÃO,
804,https://www.instagram.com/reel/DKcSlITTjtU/,NÃO,
805,https://www.instagram.com/reel/DIOXDPeMs8V/,NÃO,
806,https://www.instagram.com/reel/DJ9AYJFts4m/,NÃO,
807,https://www.instagram.com/reel/DKry8tfsc3k/,NÃO,
808,https://www.instagram.com/reel/DKw64V9xy2V/,NÃO,
809,https://www.instagram.com/reel/DKenSv2NlF2/,NÃO,
810,https://www.instagram.com/reel/DFybBptsMBi/,NÃO,
811,https://www.instagram.com/reel/DKCu0C_N-b0/,NÃO,
812,https://www.instagram.com/reel/DK4xzIjiE2s/,NÃO,
813,https://www.instagram.com/reel/DKXd068hfG_/,NÃO,
814,https://www.instagram.com/reel/DLBRtqhxra-/,NÃO,
815,https://www.instagram.com/reel/DI_TkfgT8xg/,NÃO,
816,https://www.instagram.com/reel/DKaCnpeiDno/,NÃO,
817,https://www.instagram.com/reel/DJ0RvVSMFbD/,NÃO,
818,https://www.instagram.com/reel/DJDgo9MAamb/,NÃO,
819,https://www.instagram.com/reel/DK-8cSWqjCm/,NÃO,
820,https://www.instagram.com/reel/DLGykdty6fx/,NÃO,
821,https://www.instagram.com/reel/DLFe7oeRNIH/,NÃO,
822,https://www.instagram.com/reel/DLNl1vZoVtM/,NÃO,
823,https://www.instagram.com/p/DLNZZMlsxOC/?img_index=3,NÃO,
824,https://www.instagram.com/reel/DLM2qIGBz77/,NÃO,
825,https://www.instagram.com/reel/DLJg7YNsyHJ/,NÃO,
826,https://www.instagram.com/reel/DIRc3A6K7e5/,NÃO,
827,https://www.instagram.com/reel/DLDPrvWpstd/,NÃO,
828,https://www.instagram.com/reel/DK8HyaeR95V/,NÃO,
829,https://www.instagram.com/reel/DLIckM2AaIU/,NÃO,
830,https://www.instagram.com/reel/DK-BgCmtHMQ/,NÃO,
831,https://www.instagram.com/reel/DF_YaCLNNUm/,NÃO,
832,https://www.instagram.com/reel/DKBG3g1IsgN/,NÃO,
833,https://www.instagram.com/reel/DKItjgzSADb/,NÃO,
834,https://www.instagram.com/reel/DLPPxpbNVFU/,NÃO,
835,https://www.instagram.com/reel/DJyKObptwo1/,NÃO,
836,https://www.instagram.com/reel/DLO4LfStXdV/,NÃO,
837,https://www.instagram.com/reel/DIZzeYVSkHS/,NÃO,
838,https://www.instagram.com/p/DLZ1B3oONbs/?img_index=5,NÃO,
839,https://www.instagram.com/reel/DFtaoFKNKcf/,NÃO,
840,https://www.instagram.com/reel/DJhJe49Icqe/,NÃO,
841,https://www.instagram.com/p/DLXKqljvMWz/?img_index=6,NÃO,
842,https://www.instagram.com/reel/DJbsmaaSE1d/,NÃO,
843,https://www.instagram.com/reel/DLDP-94TkaF/,NÃO,
844,https://www.instagram.com/reel/DFBX_cTtqCe/,NÃO,
845,https://www.instagram.com/reel/DHJvVmCTG10/,NÃO,
846,https://www.instagram.com/reel/DK8IfalP5lV/,NÃO,
847,https://www.instagram.com/reel/DK8oPj9N3D-/,NÃO,
848,https://www.instagram.com/reel/DFYHOlns59f/,NÃO,
849,https://www.instagram.com/reel/DHGnG4NM2TQ/,NÃO,
850,https://www.instagram.com/reel/DHJXfCaJGbJ/,NÃO,
851,https://www.instagram.com/reel/DFYoP42ysFG/,NÃO,
852,https://www.instagram.com/reel/DKAEIu_MgoN/,NÃO,
853,https://www.instagram.com/reel/DJrcPUjtENE/,NÃO,
854,https://www.instagram.com/p/DLnR1leRuq0/,NÃO,
855,https://www.instagram.com/p/DKz9f_rvOCC/,NÃO,
856,https://www.instagram.com/reel/DLla4LUICKv/,NÃO,
857,https://www.instagram.com/reel/DGjlznFRXhb/,NÃO,
858,https://www.instagram.com/reel/DLDag69S7_O/,NÃO,
859,https://www.instagram.com/reel/DLfQoxiIvmn/,NÃO,
860,https://www.instagram.com/reel/DLsB0qXtWL0/,NÃO,
861,https://www.instagram.com/reel/DLDgIDyTLUI/,NÃO,
862,https://www.instagram.com/reel/DLwt5dit4QM/,NÃO,
863,https://www.instagram.com/reel/DL2XD8WMWjQ/,NÃO,
864,https://www.instagram.com/reel/DL5YSyuJffO/,NÃO,
865,https://www.instagram.com/reel/DL0s4xlutT5/,NÃO,
866,https://www.instagram.com/reel/DKH4utLJYOz/,NÃO,
867,https://www.instagram.com/reel/DIr7KHVsqjo/,NÃO,
868,https://www.instagram.com/reel/DLxmrQZhgua/,NÃO,
869,https://www.instagram.com/reel/DLMrXEfNdta/,NÃO,
870,https://www.instagram.com/p/DL99WKvIoff/?img_index=5,NÃO,
871,https://www.instagram.com/reel/DLPwSZvubgl/,NÃO,
872,https://www.instagram.com/reel/DJCSTaTRL5b/,NÃO,
873,https://www.instagram.com/reel/DMLDT51taMr/,NÃO,
874,https://www.instagram.com/p/DLasCNLBgan/,NÃO,
875,https://www.instagram.com/reel/DL8d3IKs5zw/,NÃO,
876,https://www.instagram.com/reel/DMQ80LGugo2/,NÃO,
877,https://www.instagram.com/reel/DL-epc4Be6m/,NÃO,
878,https://www.instagram.com/reel/DMNplAcPfFT/,NÃO,
879,https://www.instagram.com/p/DMQbJQdii_W/,NÃO,
880,https://www.instagram.com/reel/DMCpI1lKjfg/,NÃO,
881,https://www.instagram.com/reel/DL2ewYcpArf/,NÃO,
882,https://www.instagram.com/reel/DLff4NDCQRp/,NÃO,
883,https://www.instagram.com/reel/DMAyv9tsXMd/,NÃO,
884,https://www.instagram.com/reel/DMRqMoaRDci/,NÃO,
885,https://www.instagram.com/reel/DMS1DZBCdjl/,NÃO,
886,https://www.instagram.com/reel/DL3Nd3uAxgp/,NÃO,
887,https://www.instagram.com/reel/DL8gr_9SEz3/,NÃO,
888,https://www.instagram.com/p/DLD_lf3AFoB/,NÃO,
889,https://www.instagram.com/reel/DLhxQesNkHv/,NÃO,
890,https://www.instagram.com/reel/DLXlf6Nt5xV/,NÃO,
891,https://www.instagram.com/p/DLQ4wvkM59t/,NÃO,
892,https://www.instagram.com/reel/DLzmQANBxHC/,NÃO,
893,https://www.instagram.com/reel/DMg_f_bsWE1/,NÃO,
894,https://www.instagram.com/reel/DHHRxiYScXh/,NÃO,
895,https://www.instagram.com/reel/DM2G9Z-NRJ2/,NÃO,
896,https://www.instagram.com/reel/DMyE8OvS57d/,NÃO,
897,https://www.instagram.com/p/DM1qr3ks9hi/,NÃO,
898,https://www.instagram.com/reel/DMzY7GVsh0P/,NÃO,
899,https://www.instagram.com/reel/DM0NLEVuGtJ/,NÃO,
900,https://www.instagram.com/reel/DM1dJzPSyXB/,NÃO,
901,https://www.instagram.com/p/DM3KcAiO8ha/,NÃO,
902,https://www.instagram.com/reel/DMvRjiIs0pj/,NÃO,
903,https://www.instagram.com/reel/DM3AOS1sgY5/,NÃO,
904,https://www.instagram.com/p/DM2hLj4Out5/?img_index=1,NÃO,
905,https://www.instagram.com/reel/DM3WHeCyJy4/,NÃO,
906,https://www.instagram.com/reel/DNBYYiyMjrg/,NÃO,
907,https://www.instagram.com/reel/DNIw0EZAIBH/,NÃO,
908,https://www.instagram.com/reel/DNRS5-NPGsk/,NÃO,
909,https://www.instagram.com/reel/DNKOJWZIlHV/,NÃO,
910,https://www.instagram.com/reel/DNV0REXIFY7/,NÃO,
911,https://www.instagram.com/reel/DNWI93jO-Vm/,NÃO,
912,https://www.instagram.com/reel/DLsGDTFIW1y/,NÃO,
913,https://www.instagram.com/reel/DNSFDtlTtz5/,NÃO,
914,https://www.instagram.com/reel/DNapVHZpDB1/,NÃO,
915,https://www.instagram.com/reel/DNO8bryNZyn/,NÃO,
916,https://www.instagram.com/reel/DNY3c2dSEEi/,NÃO,
917,https://www.instagram.com/reel/DNPJuGkRP-a/,NÃO,
918,https://www.instagram.com/reel/DNZZSv2vM0-/,NÃO,
919,https://www.instagram.com/reel/DM3IH-ZhGw4/,NÃO,
920,https://www.instagram.com/reel/DNdBAvLP-Ku/,NÃO,
921,https://www.instagram.com/reel/DMx1KhUoIXS/,NÃO,
922,https://www.instagram.com/reel/DN8UkcijBIX/,NÃO,
923,https://www.instagram.com/reel/DN8aVPVgI0v/,NÃO,
924,https://www.instagram.com/reel/DOTjiPhDZ-_/,NÃO,
925,https://www.instagram.com/reel/DMVCiulRSgs/,NÃO,
926,https://www.instagram.com/reel/DNRbiwvu2D1/,NÃO,
927,https://www.instagram.com/reel/DLOiYQNtFXs/,NÃO,
928,https://www.instagram.com/p/DOwCIgNDs6m/?igsh=MTdjb2tmYm5hNWIxdQ==,NÃO,
929,https://www.instagram.com/reel/DPJjAOWiYeg/?igsh=MXNldzRpdm1xM3lnNA==,NÃO,
930,https://www.instagram.com/reel/DPS9lw0iX2V/?igsh=MXNhbHhnZWczdG90bg==,NÃO,
931,https://www.instagram.com/reel/DPPWvIKDUNH/?igsh=MTk1ZWJwYWVrMWE5Mg==,NÃO,
932,https://www.instagram.com/p/DPW8Ni0kSHk/?igsh=eHMxMnd6YmJmaGxo,NÃO,
933,https://www.instagram.com/reel/DPLUPcJiO0C/?igsh=bmduMGk1eWhqZzRw,NÃO,
934,https://www.instagram.com/p/DPV233dkunm/?img_index=1&igsh=Mm0yeXM0ZnQ0MXds,NÃO,
935,https://www.instagram.com/reel/DPV4RbXEeVf/?igsh=MjU3d2ZxMnZycThu,NÃO,
936,https://www.instagram.com/p/DPPfDi6kRzW/?img_index=2&igsh=MWlqZjg4czNyeHNucQ==,NÃO,
937,https://www.instagram.com/reel/DOo-jwljdsn/?igsh=MWhudTRqaGJpZnliaA==,NÃO,
938,https://www.instagram.com/reel/DPn0DPBDCiB/?igsh=MXJ2anJjZnd1NHVqcw==,NÃO,
939,https://www.instagram.com/reel/DPVAwY_DVbp/?igsh=MWw5OGhydGcwejlzeA==,NÃO,
940,https://www.instagram.com/reel/DPH3kzagL8O/?igsh=dzIwMGJ1enhoMGxq,NÃO,
941,https://www.instagram.com/reel/DPRGtIdCMas/?igsh=Z3JobzdtdXRuOWVl,NÃO,
942,https://www.instagram.com/reel/DPPl3_YCKHC/?igsh=cnl3MWYzc3lyZWNl,NÃO,
943,https://www.instagram.com/reel/DOtLqcOjAxf/?igsh=Y3dxOWtuZDh5ZDM3,NÃO,
944,https://www.instagram.com/reel/DPZkLHQk0Vg/?igsh=dmdoaGY3eDAyMWhy,NÃO,
945,https://www.instagram.com/reel/DOTwIcoCMn4/?igsh=MXN0NDY2M3FlejlmNw==,NÃO,
946,https://www.instagram.com/reel/DOoPAx8Ej8o/?igsh=NTF3d2JmcHUwYTU5,NÃO,
947,https://www.instagram.com/reel/DLhjGHANveu/?igsh=Y3NvZWp3emRyam84,NÃO,
948,https://www.instagram.com/reel/DPq5cHakXly/?igsh=bWZ0bjRvN3k1YTRn,NÃO,
949,https://www.instagram.com/reel/DPwV2WBCPp9/?igsh=Z3FhMG1mZGp1ank3,NÃO,
950,https://www.instagram.com/reel/DPtydqijejm/?igsh=MTFrZmw3cGlxa2Jteg==,NÃO,
951,https://www.instagram.com/reel/DO5e08oiFIm/?igsh=MXBvenlyZm9iam90eg==,NÃO,
952,https://www.instagram.com/reel/DPmcEHUj0H4/?igsh=aDFkdDEyN2d1bHh5,NÃO,
953,https://www.instagram.com/reel/DMVTziJiHTD/?igsh=MWZmejJ0Mmt1bjZ4Zg==,NÃO,
954,https://www.instagram.com/reel/DP8x7uiCP9N/?igsh=cWtmY2JmOHBkeml1,NÃO,
955,https://www.instagram.com/reel/DQHxhBfAY5W/?igsh=OHQ4d2RsMDNnd2R1,NÃO,
956,https://www.instagram.com/reel/DQpZY8vktdL/?igsh=aTZ6OGtpaDdteDE4,NÃO,
957,https://www.instagram.com/reel/DPSEi8FgR7n/?igsh=aDZ2MG1jcjdmZHRj,NÃO,
958,https://www.instagram.com/reel/DQUf2imjBf_/?igsh=MW92Z2pod3I1cDY4eg==,NÃO,
959,https://www.instagram.com/reel/DQoU7Z9kVT4/?igsh=MWhwb3hsYm50MnI1Yw==,NÃO,
960,https://www.instagram.com/reel/DOvoEcRDbKl/?igsh=ZXNiNzZsNng4Y3h5,NÃO,
961,https://www.instagram.com/reel/DOgwWELDzRf/?igsh=MXR4Y2h5MHI1cWtraQ==,NÃO,
962,https://www.instagram.com/reel/DPg-nlGiZN7/?igsh=MW40bXZ4M3I5MGEzMw==,NÃO,
963,https://www.instagram.com/reel/DQj-N2RkTGM/?igsh=MWdxbXgyZWRsZHByNQ==,NÃO,
964,https://www.instagram.com/reel/DMVQTxvOdCS/?igsh=MWJxM2IzbTVpOHpieQ==,NÃO,
965,https://www.instagram.com/reel/DQo6-ruEc03/?igsh=Z2NpejFxenpubjYx,NÃO,
966,https://www.instagram.com/reel/DQJ7OYpDbud/?igsh=bmpubzk1Y2phbmww,NÃO,
967,https://www.instagram.com/reel/DOPSybRkp2_/?igsh=MWI2cXhxNjdiaWpnMg==,NÃO,
968,https://www.instagram.com/reel/DQa64j9kWNk/?igsh=MWc2YzkwODQ4d3d2NA==,NÃO,
969,https://www.instagram.com/reel/DFBzSn5tY8O/?igsh=MWNvaXVnaWpycDZhdA==,NÃO,
970,https://www.instagram.com/reel/DLUn6QLMzR2/?igsh=MXFpNm95cXpqejZrYw==,NÃO,
971,https://www.instagram.com/reel/DIZxjGGB5n4/?igsh=bjRycTQwNHVlZGEy,NÃO,
972,https://www.instagram.com/reel/CmhGAxOJHbv/?igsh=MW1sc2Y1d25kZmVtMA==,NÃO,
973,https://www.instagram.com/reel/C-5PIhQx5oM/?igsh=YWg5Mmt3bmYyOG4=,NÃO,
974,https://www.instagram.com/reel/CxMUEQKJw4V/?igsh=MTJta2NnazJlejl2Mg==,NÃO,
975,https://www.instagram.com/reel/Cu9gNRGgHLi/?igsh=OXNoY2M4eDRqM2o2,NÃO,
976,https://www.instagram.com/reel/CnSOuS-qjko/?igsh=MWt5Y2c3bXVyc2dlNQ==,NÃO,
977,https://www.instagram.com/reel/ChIaT-TjpYc/?igsh=Z2EzZXF4NjVyNjI5,NÃO,
978,https://www.instagram.com/reel/Cm6U52Hsw5e/?igsh=MWcxYjZma2JyZjZnbQ==,NÃO,
979,https://www.instagram.com/reel/DOTuL0tESbW/?igsh=YjhqdzdvdHhiejc2,NÃO,
980,https://www.instagram.com/reel/CoiFHYqpnHt/?igsh=MWhrZTQ2Y25zYTdyaw==,NÃO,
981,https://www.instagram.com/reel/DJXZr4gM_tc/?igsh=Y29iMTR3OXEwZjA5,NÃO,
982,https://www.instagram.com/reel/DQFtAoyDQOS/?igsh=MXBzMDV0cGs4OWVudg==,NÃO,
983,https://www.instagram.com/reel/DKXuwMiBC5e/?igsh=MW50ZjJhbGp6bzRmOQ==,NÃO,
984,https://www.instagram.com/reel/CykBH33reV8/?igsh=MWh5MDlrcWo4b3BibQ==,NÃO,
985,https://www.instagram.com/reel/DAX-m4WMqHN/?igsh=MXdueWozZWc1c2pieA==,NÃO,
986,https://www.instagram.com/reel/C1-nGXbgC8O/?igsh=dDkxamc3cjJsdGF1,NÃO,
987,https://www.instagram.com/reel/DABf8jwP8_G/?igsh=MTR3and0dmwzbG5kcA==,NÃO,
988,https://www.instagram.com/reel/DNGTLZYO0tm/?igsh=eWlibXUzYXF0b3Bx,NÃO,
989,https://www.instagram.com/reel/DOERCXTjaRg/?igsh=MTVkbzd6dDd2cDN4Yg==,NÃO,
990,https://www.instagram.com/reel/DQo4gB4EZa2/?igsh=enVkMmNlcmpzZW1v,NÃO,
991,https://www.instagram.com/reel/DQ1qVk_kZsc/?igsh=bHljODQ1c2g5MmJl,NÃO,
992,https://www.instagram.com/reel/DQufeJlAML4/?igsh=MTgwdnlsNjAzYno5ZA==,NÃO,
993,https://www.instagram.com/reel/DN016LuxKnk/?igsh=Z2pwODRvMWQ5Mzh3,NÃO,
994,https://www.instagram.com/reel/DOjoL5yjm7U/?igsh=MTl4eG9qMnNuOTgxag==,NÃO,
995,https://www.instagram.com/reel/DPWcu-ljdcM/?igsh=MTQ3bTNxd3UycGF3cA==,NÃO,
996,https://www.instagram.com/reel/DMv72D-T65t/?igsh=MWttZzU5d2ZtcWxpeA==,NÃO,
997,https://www.instagram.com/p/DQy6IhkCHXP/?img_index=6&igsh=MXU2MW9kOGJpdjA0dg==,NÃO,
998,https://www.instagram.com/reel/DMfUOCqN-M-/?igsh=MTRyOXZtNzRwNnEydA==,NÃO,
999,https://www.instagram.com/reel/DObSiaRitfy/?igsh=bndnaW40dzEzZjJ0,NÃO,
1000,https://www.instagram.com/reel/DQj0jpUk3bw/?igsh=MTRqMzRzODYycmJveA==,NÃO,
